Rk,Player,Pos,Age,Tm,G,GS,MP,FG,FGA,FG%,3P,3PA,3P%,2P,2PA,2P%,eFG%,FT,FTA,FT%,ORB,DRB,TRB,AST,STL,BLK,TOV,PF,PTS,Player-additional
1,Luka Dončić,PG,24,DAL,70,70,37.5,11.5,23.6,.487,4.1,10.6,.382,7.4,13.0,.573,.573,6.8,8.7,.786,0.8,8.4,9.2,9.8,1.4,0.5,4.0,2.1,33.9,doncilu01
2,Giannis Antetokounmpo,PF,29,MIL,73,73,35.2,11.5,18.8,.611,0.5,1.7,.274,11.0,17.1,.645,.624,7.0,10.7,.657,2.7,8.8,11.5,6.5,1.2,1.1,3.4,2.9,30.4,antetgi01
3,Shai Gilgeous-Alexander,PG,25,OKC,75,75,34.0,10.6,19.8,.535,1.3,3.6,.353,9.3,16.2,.576,.567,7.6,8.7,.874,0.9,4.7,5.5,6.2,2.0,0.9,2.2,2.5,30.1,gilgesh01
4,Jalen Brunson,PG,27,NYK,77,77,35.4,10.3,21.4,.479,2.7,6.8,.401,7.5,14.6,.516,.543,5.5,6.5,.847,0.6,3.1,3.6,6.7,0.9,0.2,2.4,1.9,28.7,brunsja01
5,Devin Booker,PG,27,PHO,68,68,36.0,9.4,19.2,.492,2.2,6.1,.364,7.2,13.0,.552,.550,6.0,6.7,.886,0.8,3.7,4.5,6.9,0.9,0.4,2.6,3.0,27.1,bookede01
6,Kevin Durant,PF,35,PHO,75,75,37.2,10.0,19.1,.523,2.2,5.4,.413,7.8,13.7,.567,.581,4.8,5.6,.856,0.5,6.1,6.6,5.0,0.9,1.2,3.3,1.8,27.1,duranke01
7,Jayson Tatum,PF,25,BOS,74,74,35.7,9.1,19.3,.471,3.1,8.2,.376,6.0,11.0,.542,.552,5.6,6.7,.833,0.9,7.2,8.1,4.9,1.0,0.6,2.5,2.0,26.9,tatumja01
8,De'Aaron Fox,PG,26,SAC,74,74,35.9,9.7,20.9,.465,2.9,7.8,.369,6.8,13.1,.522,.534,4.2,5.7,.738,0.9,3.7,4.6,5.6,2.0,0.4,2.6,2.6,26.6,foxde01
9,Stephen Curry,PG,35,GSW,74,74,32.7,8.8,19.5,.450,4.8,11.8,.408,4.0,7.7,.515,.573,4.0,4.4,.923,0.5,4.0,4.5,5.1,0.7,0.4,2.8,1.6,26.4,curryst01
10,Nikola Jokić,C,28,DEN,79,79,34.6,10.4,17.9,.583,1.1,2.9,.359,9.4,14.9,.626,.612,4.5,5.5,.817,2.8,9.5,12.4,9.0,1.4,0.9,3.0,2.5,26.4,jokicni01
11,Anthony Edwards,SG,22,MIN,79,78,35.1,9.1,19.7,.461,2.4,6.7,.357,6.7,13.0,.515,.522,5.4,6.4,.836,0.7,4.8,5.4,5.1,1.3,0.5,3.1,1.8,25.9,edwaran01
12,Tyrese Maxey,PG,23,PHI,70,70,37.5,9.1,20.3,.450,3.0,8.1,.373,6.1,12.1,.501,.524,4.7,5.4,.868,0.5,3.2,3.7,6.2,1.0,0.5,1.7,2.2,25.9,maxeyty01
13,LeBron James,PF,39,LAL,71,71,35.3,9.6,17.9,.540,2.1,5.1,.410,7.5,12.8,.592,.599,4.3,5.7,.750,0.9,6.4,7.3,8.3,1.3,0.5,3.5,1.1,25.7,jamesle01
14,Kyrie Irving,SG,31,DAL,58,58,35.0,9.7,19.5,.497,3.0,7.3,.411,6.7,12.2,.548,.573,3.3,3.6,.905,0.8,4.2,5.0,5.2,1.3,0.5,1.8,1.9,25.6,irvinky01
15,Anthony Davis,C,30,LAL,76,76,35.5,9.4,16.9,.556,0.4,1.4,.271,9.0,15.5,.582,.567,5.5,6.8,.816,3.1,9.5,12.6,3.5,1.2,2.3,2.1,2.3,24.7,davisan02
16,Damian Lillard,PG,33,MIL,73,73,35.3,7.4,17.5,.424,3.0,8.5,.354,4.4,9.0,.490,.510,6.5,7.0,.920,0.5,3.9,4.4,7.0,1.0,0.2,2.6,1.8,24.3,lillada01
17,DeMar DeRozan,SF,34,CHI,79,79,37.8,8.2,17.2,.480,0.9,2.8,.333,7.3,14.3,.509,.507,6.6,7.7,.853,0.5,3.8,4.3,5.3,1.1,0.6,1.7,2.0,24.0,derozde01
18,Kawhi Leonard,SF,32,LAC,68,68,34.3,9.0,17.1,.525,2.1,4.9,.417,6.9,12.1,.569,.585,3.7,4.2,.885,1.2,4.9,6.1,3.6,1.6,0.9,1.8,1.4,23.7,leonaka01
19,Jaylen Brown,SF,27,BOS,70,70,33.5,9.0,17.9,.499,2.1,5.9,.354,6.9,12.1,.570,.557,3.0,4.3,.703,1.2,4.3,5.5,3.6,1.2,0.5,2.4,2.6,23.0,brownja02
20,Zion Williamson,PF,23,NOP,70,70,31.5,8.9,15.6,.570,0.1,0.3,.333,8.8,15.4,.574,.573,5.0,7.1,.702,1.7,4.1,5.8,5.0,1.1,0.7,2.8,2.3,22.9,willizi01
21,Cade Cunningham,PG,22,DET,62,62,33.5,8.5,18.8,.449,1.9,5.4,.355,6.5,13.4,.487,.500,3.8,4.4,.869,0.5,3.8,4.3,7.5,0.9,0.4,3.4,2.5,22.7,cunnica01
22,Paolo Banchero,PF,21,ORL,80,80,35.0,8.0,17.6,.455,1.5,4.4,.339,6.5,13.2,.493,.497,5.1,7.0,.725,1.0,5.9,6.9,5.4,0.9,0.6,3.1,1.9,22.6,banchpa01
23,Paul George,PF,33,LAC,74,74,33.8,7.9,16.7,.471,3.3,7.9,.413,4.6,8.8,.523,.569,3.6,3.9,.907,0.5,4.7,5.2,3.5,1.5,0.5,2.1,2.7,22.6,georgpa01
24,Jaren Jackson Jr.,C,24,MEM,66,66,32.2,7.8,17.6,.444,1.8,5.5,.320,6.0,12.1,.501,.494,5.1,6.3,.808,1.3,4.2,5.5,2.3,1.2,1.6,2.4,3.6,22.5,jacksja02
25,Dejounte Murray,SG,27,ATL,78,78,35.7,8.6,18.8,.459,2.6,7.1,.363,6.0,11.7,.518,.528,2.7,3.4,.794,0.8,4.5,5.3,6.4,1.4,0.3,2.6,1.8,22.5,murrade01
26,Cam Thomas,SG,22,BRK,66,51,31.4,8.0,18.0,.442,2.2,6.0,.364,5.8,12.0,.481,.503,4.3,5.1,.856,0.4,2.8,3.2,2.9,0.7,0.2,1.9,2.1,22.5,thomaca02
27,Kyle Kuzma,PF,28,WAS,70,70,32.6,8.7,18.8,.463,2.2,6.4,.336,6.5,12.3,.530,.521,2.7,3.4,.775,0.9,5.7,6.6,4.2,0.5,0.7,2.7,2.2,22.2,kuzmaky01
28,Karl-Anthony Towns,PF,28,MIN,62,62,32.7,7.7,15.3,.504,2.2,5.3,.416,5.5,10.1,.550,.575,4.1,4.7,.873,1.5,6.8,8.3,3.0,0.7,0.7,2.9,3.3,21.8,townska01
29,Pascal Siakam,PF,29,TOT,80,80,33.2,8.5,15.9,.536,1.1,3.1,.346,7.5,12.8,.581,.569,3.6,5.0,.732,1.7,5.3,7.1,4.3,0.8,0.3,1.8,2.4,21.7,siakapa01
30,Victor Wembanyama,C,20,SAS,71,71,29.7,7.8,16.7,.465,1.8,5.5,.325,6.0,11.2,.534,.519,4.1,5.2,.796,2.3,8.4,10.6,3.9,1.2,3.6,3.7,2.2,21.4,wembavi01
31,Jamal Murray,PG,26,DEN,59,59,31.5,8.0,16.7,.481,2.5,5.8,.425,5.6,10.9,.510,.554,2.7,3.1,.853,0.7,3.4,4.1,6.5,1.0,0.7,2.1,1.8,21.2,murraja01
32,Alperen Sengun,C,21,HOU,63,63,32.5,8.4,15.6,.537,0.5,1.8,.297,7.8,13.8,.567,.553,3.9,5.6,.693,2.9,6.4,9.3,5.0,1.2,0.7,2.6,3.3,21.1,sengual01
33,Miles Bridges,SF,25,CHO,69,67,37.4,8.1,17.5,.462,2.3,6.5,.349,5.8,11.0,.529,.527,2.5,3.1,.825,1.0,6.3,7.3,3.3,0.9,0.5,2.0,1.7,21.0,bridgmi02
34,Jimmy Butler,PF,34,MIA,60,60,34.0,6.6,13.2,.499,1.0,2.4,.414,5.6,10.8,.519,.537,6.6,7.7,.858,1.8,3.6,5.3,5.0,1.3,0.3,1.7,1.1,20.8,butleji01
35,Brandon Ingram,SF,26,NOP,64,64,32.9,7.8,15.9,.492,1.3,3.8,.355,6.5,12.1,.534,.534,3.8,4.8,.801,0.7,4.4,5.1,5.7,0.8,0.6,2.5,2.3,20.8,ingrabr01
36,RJ Barrett,SG,23,TOT,58,58,31.7,7.5,15.2,.495,1.6,4.3,.360,6.0,10.9,.549,.547,3.6,5.0,.715,0.9,4.5,5.4,3.3,0.5,0.4,2.2,2.2,20.2,barrerj01
37,Tyrese Haliburton,PG,23,IND,69,68,32.2,7.2,15.2,.477,2.8,7.8,.364,4.4,7.4,.595,.570,2.8,3.3,.855,0.5,3.4,3.9,10.9,1.2,0.7,2.3,1.1,20.1,halibty01
38,CJ McCollum,PG,32,NOP,66,66,32.7,7.3,16.0,.459,3.6,8.4,.429,3.7,7.5,.492,.572,1.7,2.1,.827,0.6,3.7,4.3,4.6,0.9,0.6,1.7,1.9,20.0,mccolcj01
39,Scottie Barnes,SG,22,TOR,60,60,34.9,7.5,15.7,.475,1.7,4.9,.341,5.8,10.8,.536,.528,3.3,4.2,.781,2.4,5.9,8.2,6.1,1.3,1.5,2.8,2.0,19.9,barnesc01
40,Terry Rozier,PG-SG,29,TOT,61,60,33.4,7.2,16.4,.443,2.4,6.7,.363,4.8,9.6,.498,.518,2.8,3.2,.869,0.6,3.5,4.0,5.6,1.0,0.3,1.7,1.7,19.8,roziete01
41,Franz Wagner,SF,22,ORL,72,72,32.5,7.3,15.2,.482,1.3,4.6,.281,6.0,10.6,.570,.525,3.8,4.4,.850,1.0,4.3,5.3,3.7,1.1,0.4,1.9,2.3,19.7,wagnefr01
42,Mikal Bridges,SF,27,BRK,82,82,34.8,6.9,15.8,.436,2.7,7.2,.372,4.2,8.6,.490,.521,3.1,3.9,.814,0.8,3.7,4.5,3.6,1.0,0.4,2.0,1.4,19.6,bridgmi01
43,Jalen Green,SG,21,HOU,82,82,31.7,6.9,16.2,.423,2.5,7.4,.332,4.4,8.9,.498,.498,3.5,4.3,.804,0.5,4.7,5.2,3.5,0.8,0.3,2.3,1.4,19.6,greenja05
44,Devin Vassell,SG,23,SAS,68,62,33.1,7.3,15.5,.472,2.4,6.6,.372,4.9,9.0,.544,.550,2.4,3.0,.801,0.4,3.4,3.8,4.1,1.1,0.3,1.6,1.1,19.5,vassede01
45,Domantas Sabonis,C,27,SAC,82,82,35.7,7.7,13.0,.594,0.4,1.1,.379,7.3,12.0,.613,.609,3.6,5.1,.704,3.6,10.1,13.7,8.2,0.9,0.6,3.3,3.0,19.4,sabondo01
46,Bam Adebayo,C,26,MIA,71,71,34.0,7.5,14.3,.521,0.2,0.6,.357,7.3,13.7,.528,.529,4.1,5.5,.755,2.2,8.1,10.4,3.9,1.1,0.9,2.3,2.2,19.3,adebaba01
47,Coby White,PG,23,CHI,79,78,36.5,6.8,15.3,.447,2.6,7.0,.376,4.2,8.3,.508,.534,2.8,3.3,.838,0.6,4.0,4.5,5.1,0.7,0.2,2.1,2.4,19.1,whiteco01
48,Jalen Williams,PF,22,OKC,71,71,31.3,7.5,14.0,.540,1.5,3.4,.427,6.1,10.6,.576,.592,2.5,3.1,.814,0.5,3.5,4.0,4.5,1.1,0.6,1.7,2.5,19.1,willija06
49,Collin Sexton,SG,25,UTA,78,51,26.6,6.5,13.3,.487,1.6,4.2,.394,4.8,9.1,.530,.549,4.1,4.7,.859,0.9,1.7,2.6,4.9,0.8,0.2,2.1,2.0,18.7,sextoco01
50,D'Angelo Russell,PG,27,LAL,76,69,32.7,6.5,14.2,.456,3.0,7.2,.415,3.5,7.0,.497,.560,2.1,2.5,.828,0.4,2.7,3.1,6.3,0.9,0.5,2.1,2.1,18.0,russeda01
51,Nikola Vučević,C,33,CHI,76,74,34.3,7.7,15.9,.484,1.2,4.1,.294,6.5,11.8,.550,.522,1.4,1.7,.822,2.8,7.8,10.5,3.3,0.7,0.8,1.6,2.5,18.0,vucevni01
52,Klay Thompson,SF,33,GSW,77,63,29.7,6.4,14.7,.432,3.5,9.0,.387,2.9,5.7,.503,.551,1.6,1.8,.927,0.5,2.8,3.3,2.3,0.6,0.5,1.5,1.6,17.9,thompkl01
53,Jordan Poole,SG,24,WAS,78,66,30.1,6.3,15.2,.413,2.4,7.2,.326,3.9,8.0,.492,.491,2.5,2.8,.877,0.4,2.3,2.7,4.4,1.1,0.3,2.4,3.1,17.4,poolejo01
54,Fred VanVleet,PG,29,HOU,73,73,36.8,5.8,13.9,.416,3.1,8.0,.387,2.7,5.9,.454,.527,2.7,3.1,.860,0.5,3.4,3.8,8.1,1.4,0.8,1.7,2.5,17.4,vanvlfr01
55,Brandon Miller,SF,21,CHO,74,68,32.2,6.4,14.6,.440,2.5,6.7,.373,3.9,8.0,.495,.524,1.9,2.3,.827,0.8,3.4,4.3,2.4,0.9,0.6,1.8,2.5,17.3,millebr02
56,Tobias Harris,PF,31,PHI,70,70,33.8,6.6,13.6,.487,1.3,3.7,.353,5.3,9.9,.537,.535,2.7,3.0,.878,1.1,5.3,6.5,3.1,1.0,0.7,1.3,1.6,17.2,harrito02
57,Myles Turner,C,27,IND,77,77,27.0,6.2,11.8,.524,1.5,4.2,.358,4.7,7.6,.615,.587,3.2,4.1,.773,1.5,5.5,6.9,1.3,0.5,1.9,1.4,3.0,17.1,turnemy01
58,Immanuel Quickley,PG-SG,24,TOT,68,38,29.2,5.7,13.1,.434,2.5,6.4,.395,3.2,6.8,.471,.530,3.1,3.6,.853,0.3,3.6,3.8,4.9,0.7,0.1,1.5,1.8,17.0,quickim01
59,Bogdan Bogdanović,SG,31,ATL,79,33,30.4,6.0,13.9,.428,3.0,8.1,.374,2.9,5.8,.503,.537,1.9,2.1,.921,0.7,2.8,3.4,3.1,1.2,0.3,1.4,2.3,16.9,bogdabo01
60,Michael Porter Jr.,SF,25,DEN,81,81,31.7,6.4,13.3,.484,2.7,6.8,.397,3.7,6.5,.575,.586,1.1,1.4,.836,1.3,5.7,7.0,1.5,0.5,0.7,1.1,1.8,16.7,portemi01
61,James Harden,PG,34,LAC,72,72,34.3,4.9,11.4,.428,2.6,6.8,.381,2.3,4.6,.497,.541,4.2,4.8,.878,0.5,4.7,5.1,8.5,1.1,0.8,2.6,1.8,16.6,hardeja01
62,Jarrett Allen,C,25,CLE,77,77,31.7,6.7,10.6,.634,0.0,0.1,.000,6.7,10.6,.638,.634,3.0,4.1,.742,3.2,7.4,10.5,2.7,0.7,1.1,1.6,1.9,16.5,allenja01
63,Chet Holmgren,C,21,OKC,82,82,29.4,6.2,11.6,.530,1.6,4.3,.370,4.6,7.4,.623,.598,2.7,3.4,.793,1.6,6.3,7.9,2.4,0.6,2.3,1.6,2.4,16.5,holmgch01
64,Jonathan Kuminga,PF,21,GSW,74,46,26.3,6.2,11.6,.529,0.7,2.2,.321,5.4,9.4,.578,.560,3.0,4.0,.746,1.2,3.6,4.8,2.2,0.7,0.5,1.6,2.3,16.1,kuminjo01
65,Austin Reaves,SG,25,LAL,82,57,32.1,5.6,11.5,.486,1.9,5.1,.367,3.7,6.3,.583,.568,2.8,3.3,.853,0.7,3.6,4.3,5.5,0.8,0.3,2.1,1.9,15.9,reaveau01
66,Keldon Johnson,SF,24,SAS,69,27,29.5,5.7,12.5,.454,1.8,5.3,.346,3.8,7.2,.533,.527,2.5,3.2,.792,1.4,4.1,5.5,2.8,0.7,0.3,1.4,2.2,15.7,johnske04
67,Donte DiVincenzo,SG,27,NYK,81,63,29.1,5.5,12.4,.443,3.5,8.7,.401,2.0,3.7,.542,.584,1.1,1.4,.754,0.8,2.9,3.7,2.7,1.3,0.4,1.4,2.0,15.5,divindo01
68,Jaden Ivey,SG,21,DET,77,61,28.8,5.4,12.6,.429,1.6,4.8,.336,3.8,7.8,.485,.492,2.9,3.9,.749,1.1,2.3,3.4,3.8,0.7,0.5,2.5,2.6,15.4,iveyja01
69,Malik Monk,SG,25,SAC,72,0,26.0,5.5,12.4,.443,2.1,5.9,.350,3.4,6.5,.528,.526,2.4,2.8,.829,0.4,2.6,2.9,5.1,0.6,0.5,2.1,2.2,15.4,monkma01
70,Kelly Oubre Jr.,SF,28,PHI,68,52,30.2,5.7,12.9,.441,1.5,4.8,.311,4.2,8.1,.517,.498,2.6,3.4,.750,1.4,3.6,5.0,1.5,1.1,0.7,1.3,2.9,15.4,oubreke01
71,Keegan Murray,SF,23,SAC,77,77,33.6,5.8,12.7,.454,2.4,6.6,.358,3.4,6.0,.560,.548,1.3,1.6,.831,1.4,4.1,5.5,1.7,1.0,0.8,0.8,2.7,15.2,murrake02
72,Derrick White,SG,29,BOS,73,73,32.6,5.3,11.5,.461,2.7,6.8,.396,2.6,4.7,.555,.578,1.9,2.1,.901,0.7,3.5,4.2,5.2,1.0,1.2,1.5,2.1,15.2,whitede01
73,John Collins,PF,26,UTA,68,66,28.0,5.8,11.0,.532,1.3,3.4,.371,4.6,7.6,.605,.590,2.2,2.7,.795,2.3,6.1,8.5,1.1,0.6,0.9,1.4,2.8,15.1,collijo01
74,Deni Avdija,SF,23,WAS,75,75,30.1,5.4,10.7,.506,1.2,3.1,.374,4.2,7.6,.560,.560,2.7,3.6,.740,1.1,6.1,7.2,3.8,0.8,0.5,2.1,2.5,14.7,avdijde01
75,Bennedict Mathurin,SF,21,IND,59,19,26.1,5.0,11.2,.446,1.4,3.6,.374,3.7,7.6,.481,.507,3.1,3.8,.821,1.0,2.9,4.0,2.0,0.6,0.2,1.6,2.0,14.5,mathube01
76,Tim Hardaway Jr.,SF,31,DAL,79,12,26.8,5.0,12.4,.402,2.7,7.6,.353,2.3,4.8,.478,.510,1.8,2.1,.852,0.3,2.9,3.2,1.8,0.5,0.1,0.9,1.3,14.4,hardati02
77,Rudy Gobert,C,31,MIN,76,76,34.1,5.3,8.1,.661,0.0,0.0,.000,5.3,8.0,.664,.661,3.3,5.1,.638,3.8,9.2,12.9,1.3,0.7,2.1,1.6,3.1,14.0,goberru01
78,Scoot Henderson,PG,19,POR,62,32,28.5,5.0,12.9,.385,1.4,4.3,.325,3.5,8.5,.416,.440,2.7,3.3,.819,0.9,2.3,3.1,5.4,0.8,0.2,3.4,3.1,14.0,hendesc01
79,Caris LeVert,SG,29,CLE,68,10,28.8,5.1,12.1,.421,1.6,4.9,.325,3.5,7.2,.486,.487,2.3,3.0,.766,0.6,3.5,4.1,5.1,1.1,0.5,1.7,1.8,14.0,leverca01
80,Dennis Schröder,PG,30,TOT,80,58,31.1,5.0,11.6,.435,1.7,4.6,.375,3.3,7.0,.474,.509,2.2,2.7,.836,0.5,2.5,3.0,6.1,0.8,0.2,1.9,2.1,14.0,schrode01
81,Aaron Gordon,PF,28,DEN,73,73,31.5,5.5,9.8,.556,0.5,1.9,.290,4.9,7.9,.619,.584,2.4,3.7,.658,2.4,4.1,6.5,3.5,0.8,0.6,1.4,1.9,13.9,gordoaa01
82,Norman Powell,SG,30,LAC,76,3,26.2,4.9,10.1,.486,2.2,5.1,.435,2.7,5.1,.536,.594,1.9,2.3,.831,0.2,2.4,2.6,1.1,0.6,0.3,0.9,1.8,13.9,powelno01
83,Jalen Duren,C,20,DET,61,60,29.1,5.7,9.2,.619,0.0,0.1,.000,5.7,9.2,.623,.619,2.3,3.0,.790,3.1,8.5,11.6,2.4,0.5,0.8,2.1,3.1,13.8,durenja01
84,Bobby Portis,PF,28,MIL,82,4,24.5,5.7,11.2,.508,1.2,3.0,.407,4.5,8.2,.545,.562,1.2,1.5,.790,1.7,5.7,7.4,1.3,0.8,0.4,1.1,2.3,13.8,portibo01
85,Saddiq Bey,SF,24,ATL,63,51,32.7,4.6,11.1,.416,1.8,5.7,.316,2.8,5.4,.522,.497,2.7,3.2,.837,2.7,3.9,6.5,1.5,0.8,0.2,0.9,1.4,13.7,beysa01
86,Jabari Smith Jr.,PF,20,HOU,76,76,31.9,5.0,11.0,.454,1.8,5.0,.363,3.2,6.0,.530,.537,2.0,2.4,.811,1.8,6.3,8.1,1.6,0.7,0.8,1.2,2.6,13.7,smithja05
87,Gary Trent Jr.,SG,25,TOR,71,41,28.1,5.1,11.9,.426,2.5,6.4,.393,2.6,5.5,.464,.531,1.0,1.4,.771,0.4,2.3,2.6,1.7,1.1,0.1,0.7,1.4,13.7,trentga02
88,Rui Hachimura,PF,25,LAL,68,39,26.9,5.3,9.9,.537,1.4,3.4,.422,3.9,6.5,.597,.609,1.5,2.0,.739,0.9,3.5,4.3,1.2,0.6,0.4,0.7,1.5,13.6,hachiru01
89,Grayson Allen,SG,28,PHO,75,74,33.5,4.5,9.1,.499,2.7,5.9,.461,1.8,3.2,.570,.649,1.7,2.0,.878,0.6,3.3,3.9,3.0,0.9,0.6,1.3,2.1,13.5,allengr01
90,Naz Reid,C,24,MIN,81,14,24.2,5.0,10.5,.477,2.1,5.0,.414,2.9,5.5,.535,.576,1.3,1.8,.736,0.9,4.3,5.2,1.3,0.8,0.9,1.4,2.1,13.5,reidna01
91,Cameron Johnson,PF,27,BRK,58,47,27.6,4.8,10.7,.446,2.4,6.1,.391,2.4,4.6,.519,.557,1.5,1.9,.789,0.9,3.4,4.3,2.4,0.8,0.3,1.0,1.8,13.4,johnsca02
92,Corey Kispert,SF,24,WAS,80,22,25.8,4.8,9.9,.486,2.3,6.0,.383,2.5,3.9,.643,.602,1.4,2.0,.726,0.4,2.4,2.8,2.0,0.5,0.2,1.2,1.8,13.4,kispeco01
93,Andrew Wiggins,SF,28,GSW,71,59,27.0,5.0,11.0,.453,1.3,3.6,.358,3.7,7.4,.498,.511,2.0,2.7,.751,1.5,3.0,4.5,1.7,0.6,0.6,1.2,2.1,13.2,wiggian01
94,Keyonte George,PG,20,UTA,75,44,27.0,4.3,10.9,.391,2.0,5.9,.334,2.3,5.0,.459,.482,2.5,3.0,.848,0.2,2.6,2.8,4.4,0.5,0.1,2.5,1.2,13.0,georgke01
95,Duncan Robinson,SF,29,MIA,68,36,28.0,4.5,9.9,.450,2.8,7.0,.395,1.7,3.0,.579,.589,1.2,1.3,.889,0.2,2.3,2.5,2.8,0.7,0.2,1.4,2.4,12.9,robindu01
96,P.J. Washington,PF,25,TOT,73,45,30.4,4.8,11.1,.436,1.8,5.7,.320,3.0,5.5,.558,.518,1.4,2.0,.683,1.2,4.5,5.6,1.9,1.0,0.8,1.3,2.3,12.9,washipj01
97,Dillon Brooks,SF,28,HOU,72,72,30.9,4.6,10.7,.428,1.8,5.1,.359,2.7,5.5,.492,.515,1.7,2.0,.844,0.7,2.7,3.4,1.7,0.9,0.1,1.2,3.3,12.7,brookdi01
98,Jalen Suggs,SG,22,ORL,75,75,27.0,4.5,9.5,.471,2.0,5.1,.397,2.4,4.4,.556,.578,1.6,2.1,.756,0.6,2.4,3.1,2.7,1.4,0.6,1.8,2.7,12.6,suggsja01
99,Jrue Holiday,PG,33,BOS,69,69,32.8,4.8,10.0,.480,2.0,4.7,.429,2.8,5.3,.526,.581,0.9,1.0,.833,1.2,4.2,5.4,4.8,0.9,0.8,1.8,1.6,12.5,holidjr01
100,Brook Lopez,C,35,MIL,79,79,30.5,4.6,9.6,.485,1.9,5.1,.366,2.8,4.4,.621,.583,1.4,1.7,.821,1.5,3.7,5.2,1.6,0.5,2.4,1.0,2.4,12.5,lopezbr01
101,Josh Giddey,SG,21,OKC,80,80,25.1,5.0,10.6,.475,1.0,3.0,.337,4.0,7.6,.530,.523,1.3,1.6,.806,1.4,5.0,6.4,4.8,0.6,0.6,2.1,1.4,12.3,giddejo01
102,Harrison Barnes,PF,31,SAC,82,82,29.0,4.2,8.9,.474,1.8,4.7,.387,2.4,4.2,.571,.576,1.9,2.4,.801,0.8,2.2,3.0,1.2,0.7,0.1,0.7,1.2,12.2,barneha02
103,Ayo Dosunmu,SG,24,CHI,76,37,29.1,4.7,9.5,.501,1.6,3.9,.403,3.2,5.6,.568,.583,1.1,1.4,.810,0.7,2.1,2.8,3.2,0.9,0.5,1.4,2.2,12.2,dosunay01
104,Aaron Nesmith,SF,24,IND,72,47,27.7,4.4,8.8,.496,1.9,4.6,.419,2.4,4.2,.581,.606,1.5,1.9,.781,0.9,2.9,3.8,1.5,0.9,0.7,0.9,3.3,12.2,nesmiaa01
105,Max Strus,SF,27,CLE,70,70,32.0,4.3,10.4,.418,2.4,6.8,.351,1.9,3.6,.546,.533,1.1,1.4,.794,0.9,3.9,4.8,4.0,0.9,0.4,1.6,2.4,12.2,strusma01
106,Jonas Valančiūnas,C,31,NOP,82,82,23.5,4.9,8.8,.559,0.5,1.5,.308,4.5,7.3,.609,.585,2.0,2.5,.785,2.3,6.5,8.8,2.1,0.4,0.8,1.4,2.7,12.2,valanjo01
107,Buddy Hield,SF-SG,31,TOT,84,42,25.7,4.4,10.1,.436,2.6,6.8,.386,1.8,3.4,.539,.565,0.6,0.7,.881,0.7,2.5,3.2,2.8,0.8,0.5,1.2,2.0,12.1,hieldbu01
108,Tyus Jones,PG,27,WAS,66,66,29.3,4.9,10.1,.489,1.6,3.9,.414,3.3,6.2,.537,.569,0.5,0.6,.800,0.3,2.4,2.7,7.3,1.1,0.3,1.0,0.7,12.0,jonesty01
109,Jaime Jaquez Jr.,SF,22,MIA,75,20,28.2,4.5,9.3,.489,0.9,2.7,.322,3.7,6.6,.558,.536,1.9,2.3,.811,1.1,2.7,3.8,2.6,1.0,0.3,1.5,2.2,11.9,jaqueja01
110,Nic Claxton,C,24,BRK,71,71,29.8,5.2,8.2,.629,0.0,0.1,.200,5.1,8.1,.633,.630,1.5,2.8,.551,2.7,7.2,9.9,2.1,0.6,2.1,1.3,2.5,11.8,claxtni01
111,Ivica Zubac,C,26,LAC,68,68,26.4,5.0,7.6,.649,0.0,0.0,,5.0,7.6,.649,.649,1.8,2.4,.723,2.9,6.3,9.2,1.4,0.3,1.2,1.2,2.6,11.7,zubaciv01
112,Cole Anthony,PG,23,ORL,81,0,22.4,4.1,9.4,.435,1.1,3.4,.338,3.0,6.0,.490,.496,2.2,2.7,.826,0.8,3.0,3.8,2.9,0.8,0.5,1.6,2.2,11.6,anthoco01
113,Jeremy Sochan,PF,20,SAS,74,73,29.6,4.6,10.5,.438,0.9,3.1,.308,3.6,7.4,.492,.483,1.5,1.9,.771,1.9,4.6,6.4,3.4,0.8,0.5,1.9,2.3,11.6,sochaje01
114,Clint Capela,C,29,ATL,73,73,25.8,4.8,8.5,.571,0.0,0.0,.000,4.8,8.5,.572,.571,1.8,2.8,.631,4.6,6.0,10.6,1.2,0.6,1.5,1.0,2.2,11.5,capelca01
115,Mike Conley,PG,36,MIN,76,76,28.9,3.9,8.5,.457,2.4,5.3,.442,1.5,3.1,.481,.595,1.3,1.5,.911,0.5,2.4,2.9,5.9,1.2,0.2,1.3,1.7,11.4,conlemi01
116,Malik Beasley,SG,27,MIL,79,77,29.6,4.1,9.1,.443,2.8,6.9,.413,1.2,2.3,.533,.598,0.3,0.4,.714,0.5,3.2,3.7,1.4,0.7,0.1,0.7,2.0,11.3,beaslma01
117,Zach Collins,C,26,SAS,69,29,22.1,4.3,8.9,.484,0.8,2.6,.320,3.5,6.3,.552,.531,1.8,2.3,.753,1.7,3.7,5.4,2.8,0.5,0.8,1.9,3.0,11.2,colliza01
118,Russell Westbrook,PG,35,LAC,68,11,22.5,4.4,9.8,.454,0.6,2.3,.273,3.8,7.5,.509,.486,1.6,2.4,.688,1.4,3.7,5.0,4.5,1.1,0.3,2.1,1.8,11.1,westbru01
119,Daniel Gafford,C-PF,25,TOT,74,66,24.5,4.7,6.5,.725,0.0,0.0,,4.7,6.5,.725,.725,1.6,2.4,.674,2.6,5.0,7.6,1.6,0.9,2.1,1.0,3.1,11.0,gaffoda01
120,Eric Gordon,SG,35,PHO,68,24,27.8,4.0,9.1,.443,2.2,5.8,.378,1.8,3.3,.561,.565,0.8,0.9,.797,0.2,1.6,1.8,2.0,1.0,0.4,1.1,1.2,11.0,gordoer01
121,Herbert Jones,SF,25,NOP,76,76,30.5,3.9,7.7,.498,1.5,3.6,.418,2.4,4.1,.568,.595,1.8,2.1,.867,1.0,2.6,3.6,2.6,1.4,0.8,1.2,2.9,11.0,joneshe01
122,Luguentz Dort,SF,24,OKC,79,79,28.4,3.6,8.3,.438,2.0,5.0,.394,1.7,3.3,.506,.557,1.6,2.0,.826,0.9,2.7,3.6,1.4,0.9,0.6,0.9,2.9,10.9,dortlu01
123,Jusuf Nurkić,C,29,PHO,76,76,27.3,4.2,8.3,.510,0.3,1.2,.244,3.9,7.1,.555,.528,2.2,3.4,.640,2.9,8.1,11.0,4.0,1.1,1.1,2.3,3.3,10.9,nurkiju01
124,Moritz Wagner,C,26,ORL,80,1,17.7,4.2,6.9,.601,0.5,1.4,.330,3.7,5.5,.673,.636,2.1,2.6,.814,1.5,2.9,4.3,1.2,0.5,0.3,1.2,2.0,10.9,wagnemo01
125,Bruce Brown,PG-SG,27,TOT,67,44,27.9,4.1,8.7,.478,0.8,2.4,.323,3.4,6.2,.538,.523,1.7,2.1,.824,0.8,3.4,4.2,2.9,0.9,0.3,1.3,2.2,10.8,brownbr01
126,Santi Aldama,PF,23,MEM,61,35,26.5,4.0,9.3,.435,1.7,5.0,.349,2.3,4.3,.534,.528,0.9,1.4,.621,1.2,4.6,5.8,2.3,0.7,0.9,1.1,1.5,10.7,aldamsa01
127,Spencer Dinwiddie,PG,30,TOT,76,52,28.3,3.3,8.4,.392,1.6,4.8,.337,1.7,3.6,.467,.489,2.2,2.8,.805,0.4,2.3,2.7,4.7,0.7,0.3,1.2,1.8,10.5,dinwisp01
128,Simone Fontecchio,SF,28,TOT,66,43,24.9,3.8,8.3,.460,2.0,5.1,.401,1.8,3.2,.551,.582,0.8,1.0,.818,1.0,2.8,3.7,1.5,0.7,0.3,1.0,1.7,10.5,fontesi01
129,Jaden McDaniels,SF,23,MIN,72,71,29.2,4.3,8.7,.489,1.2,3.5,.337,3.1,5.2,.592,.557,0.8,1.1,.722,0.8,2.3,3.1,1.4,0.9,0.6,1.2,3.0,10.5,mcdanja02
130,Alec Burks,SG,32,TOT,66,1,18.4,3.2,8.6,.369,1.9,5.0,.376,1.3,3.6,.360,.478,2.2,2.5,.868,0.4,1.9,2.3,1.3,0.4,0.2,0.7,1.1,10.4,burksal01
131,Obi Toppin,PF,25,IND,82,28,21.1,4.0,7.1,.573,1.2,3.1,.403,2.8,4.0,.706,.661,0.9,1.2,.770,1.0,2.9,3.9,1.6,0.6,0.5,0.8,1.7,10.3,toppiob01
132,Grant Williams,PF,25,TOT,76,43,28.0,3.6,8.0,.456,1.7,4.4,.375,2.0,3.5,.558,.560,1.4,1.8,.757,1.1,3.1,4.2,2.3,0.6,0.5,1.4,3.0,10.3,willigr01
133,Kevin Huerter,SG,25,SAC,64,59,24.4,3.9,8.8,.443,1.9,5.3,.361,2.0,3.4,.571,.553,0.6,0.7,.766,0.6,2.9,3.5,2.6,0.7,0.4,0.8,2.1,10.2,huertke01
134,Reggie Jackson,PG,33,DEN,82,23,22.2,4.0,9.2,.431,1.2,3.5,.359,2.7,5.8,.475,.499,1.0,1.2,.806,0.4,1.5,1.9,3.8,0.5,0.2,1.3,1.8,10.2,jacksre01
135,T.J. McConnell,PG,31,IND,71,4,18.2,4.6,8.4,.556,0.3,0.6,.409,4.4,7.7,.568,.572,0.7,0.9,.790,0.5,2.2,2.7,5.5,1.0,0.1,1.5,1.1,10.2,mccontj01
136,Kentavious Caldwell-Pope,SG,30,DEN,76,76,31.6,3.6,7.7,.460,1.6,4.1,.406,1.9,3.7,.520,.566,1.3,1.5,.894,0.4,2.0,2.4,2.4,1.3,0.6,1.0,2.0,10.1,caldwke01
137,Alex Caruso,SG,29,CHI,71,57,28.7,3.6,7.6,.468,1.9,4.7,.408,1.6,2.9,.563,.593,1.0,1.4,.760,0.9,3.0,3.8,3.5,1.7,1.0,1.4,2.5,10.1,carusal01
138,Tre Jones,PG,24,SAS,77,48,27.8,3.9,7.8,.505,0.8,2.5,.335,3.1,5.3,.584,.558,1.3,1.5,.856,0.8,3.0,3.8,6.2,1.0,0.1,1.5,1.2,10.0,jonestr01
139,Caleb Martin,SF,28,MIA,64,23,27.4,3.8,8.7,.431,1.3,3.6,.349,2.5,5.1,.489,.504,1.2,1.5,.778,1.2,3.2,4.4,2.2,0.7,0.5,1.2,2.0,10.0,martica02
140,Jalen Smith,C,23,IND,61,14,17.2,3.8,6.5,.592,1.0,2.4,.424,2.8,4.1,.689,.670,1.2,1.7,.692,1.8,3.7,5.5,1.0,0.3,0.6,0.7,2.0,9.9,smithja04
141,Kelly Olynyk,C,32,TOT,78,27,22.6,3.5,6.4,.555,0.8,2.0,.387,2.8,4.4,.632,.616,1.9,2.3,.833,1.4,3.9,5.3,4.4,0.9,0.4,1.9,2.9,9.8,olynyke01
142,Nick Richards,C,26,CHO,67,51,26.3,3.9,5.6,.691,0.0,0.0,.000,3.9,5.6,.693,.691,2.0,2.7,.737,2.6,5.5,8.0,0.8,0.4,1.1,1.1,2.6,9.7,richani01
143,Lonnie Walker IV,SG,25,BRK,58,0,17.4,3.6,8.5,.423,1.8,4.7,.384,1.8,3.8,.471,.528,0.8,1.0,.763,0.2,2.0,2.2,1.3,0.6,0.3,0.9,1.2,9.7,walkelo01
144,Payton Pritchard,PG,26,BOS,82,5,22.3,3.6,7.7,.468,1.8,4.7,.385,1.8,3.1,.593,.583,0.6,0.7,.821,0.9,2.4,3.2,3.4,0.5,0.1,0.7,1.3,9.6,pritcpa01
145,Amen Thompson,SF,21,HOU,62,23,22.4,3.9,7.2,.536,0.1,0.9,.138,3.7,6.3,.595,.545,1.7,2.5,.684,2.4,4.2,6.6,2.6,1.3,0.6,1.5,2.3,9.5,thompam01
146,Josh Hart,SF,28,NYK,81,42,33.4,3.6,8.4,.434,1.0,3.2,.310,2.7,5.2,.511,.493,1.1,1.4,.791,1.6,6.8,8.3,4.1,0.9,0.3,1.5,2.1,9.4,hartjo01
147,Georges Niang,PF,30,CLE,82,10,22.3,3.5,7.7,.449,1.8,4.8,.376,1.6,2.9,.572,.567,0.6,0.7,.850,0.3,3.1,3.4,1.2,0.4,0.2,0.9,2.3,9.4,niangge01
148,Isaac Okoro,SF,23,CLE,69,42,27.3,3.4,7.0,.490,1.2,3.1,.391,2.2,3.8,.570,.577,1.3,2.0,.679,1.0,2.0,3.0,1.9,0.8,0.5,0.8,2.0,9.4,okorois01
149,Malaki Branham,PG,20,SAS,75,29,21.3,3.6,8.4,.432,1.2,3.6,.347,2.4,4.8,.494,.506,0.7,0.8,.873,0.4,1.6,2.0,2.1,0.4,0.1,1.2,1.3,9.2,branhma01
150,Andrew Nembhard,PG,24,IND,68,47,25.0,3.8,7.7,.498,0.9,2.5,.357,2.9,5.2,.567,.557,0.7,0.8,.804,0.5,1.5,2.1,4.1,0.9,0.1,1.5,2.1,9.2,nembhan01
151,Chris Paul,PG,38,GSW,58,18,26.4,3.6,8.1,.441,1.3,3.6,.371,2.2,4.4,.498,.525,0.7,0.9,.827,0.3,3.6,3.9,6.8,1.2,0.1,1.3,1.9,9.2,paulch01
152,Brandin Podziemski,SG,20,GSW,74,28,26.6,3.7,8.1,.454,1.2,3.2,.385,2.4,4.9,.499,.529,0.7,1.1,.633,1.6,4.2,5.8,3.7,0.8,0.2,1.2,1.6,9.2,podzibr01
153,Duop Reath,C,27,POR,68,20,17.9,3.4,7.3,.461,1.3,3.6,.359,2.1,3.7,.559,.549,1.0,1.4,.742,1.4,2.3,3.7,1.0,0.5,0.6,0.8,2.4,9.1,reathdu01
154,Sam Hauser,SF,26,BOS,79,13,22.0,3.2,7.1,.446,2.5,5.9,.424,0.7,1.2,.559,.623,0.2,0.2,.895,0.6,2.9,3.5,1.0,0.5,0.3,0.4,1.3,9.0,hausesa01
155,Taurean Prince,PF,29,LAL,78,49,27.0,3.2,7.3,.442,1.8,4.6,.396,1.4,2.8,.519,.566,0.6,0.9,.735,0.3,2.7,2.9,1.5,0.7,0.4,0.9,1.9,8.9,princta02
156,Jabari Walker,SF,21,POR,72,23,23.6,3.3,7.1,.460,0.6,1.9,.295,2.7,5.1,.522,.500,1.8,2.4,.754,2.1,5.0,7.1,1.0,0.6,0.3,0.9,2.4,8.9,walkeja01
157,Terance Mann,SG,27,LAC,75,71,25.0,3.4,6.6,.515,0.9,2.7,.348,2.4,3.9,.633,.587,1.1,1.3,.832,1.2,2.2,3.4,1.6,0.6,0.2,0.6,1.9,8.8,mannte01
158,Ausar Thompson,SF,21,DET,63,38,25.1,3.7,7.6,.483,0.3,1.8,.186,3.3,5.8,.575,.505,1.1,1.9,.597,2.0,4.3,6.4,1.9,1.1,0.9,1.3,2.8,8.8,thompau01
159,Al Horford,C,37,BOS,65,33,26.8,3.3,6.4,.511,1.7,4.0,.419,1.6,2.5,.658,.640,0.4,0.5,.867,1.3,5.1,6.4,2.6,0.6,1.0,0.7,1.4,8.6,horfoal01
160,Derrick Jones Jr.,SF,26,DAL,76,66,23.5,3.1,6.5,.483,1.1,3.1,.343,2.1,3.4,.613,.566,1.3,1.8,.713,1.1,2.2,3.3,1.0,0.7,0.7,0.9,1.6,8.6,jonesde02
161,Gradey Dick,SG,20,TOR,60,17,21.1,3.2,7.4,.425,1.5,4.0,.365,1.7,3.4,.495,.524,0.7,0.9,.863,0.5,1.8,2.2,1.1,0.6,0.0,0.8,1.5,8.5,dickgr01
162,Dorian Finney-Smith,PF,30,BRK,68,56,28.4,3.2,7.5,.421,1.7,4.9,.348,1.4,2.6,.560,.535,0.5,0.7,.717,1.6,3.1,4.7,1.6,0.8,0.6,0.9,2.2,8.5,finnedo01
163,Bilal Coulibaly,SF,19,WAS,63,15,27.2,3.0,6.9,.435,1.0,2.9,.346,2.0,3.9,.502,.509,1.5,2.1,.702,0.9,3.2,4.1,1.7,0.9,0.8,1.4,2.2,8.4,coulibi01
164,Andre Drummond,C,30,CHI,79,10,17.1,3.4,6.1,.556,0.0,0.0,.000,3.4,6.0,.560,.556,1.6,2.8,.592,3.4,5.6,9.0,0.5,0.9,0.6,1.0,1.8,8.4,drumman01
165,Miles McBride,PG,23,NYK,68,14,19.5,3.0,6.7,.452,1.6,3.9,.410,1.4,2.8,.511,.572,0.6,0.7,.860,0.5,1.0,1.5,1.7,0.7,0.1,0.4,1.6,8.3,mcbrimi01
166,Marcus Sasser,PG,23,DET,71,11,19.0,3.1,7.2,.428,1.3,3.4,.375,1.8,3.8,.474,.516,0.8,0.9,.879,0.2,1.6,1.8,3.3,0.6,0.2,1.3,1.5,8.3,sassema01
167,Isaiah Joe,SG,24,OKC,78,1,18.5,2.8,6.2,.458,1.9,4.5,.416,1.0,1.7,.568,.609,0.6,0.7,.865,0.4,1.9,2.3,1.3,0.6,0.3,0.6,1.1,8.2,joeis01
168,Walker Kessler,C,22,UTA,64,22,23.3,3.6,5.5,.654,0.1,0.3,.211,3.5,5.2,.680,.660,0.9,1.5,.602,2.6,4.9,7.5,0.9,0.5,2.4,1.0,2.1,8.1,kesslwa01
169,Kyle Lowry,PG,37,TOT,60,55,28.2,2.7,6.3,.432,1.6,4.2,.392,1.1,2.1,.512,.562,1.1,1.3,.840,0.6,2.7,3.2,4.2,1.0,0.4,1.4,2.4,8.1,lowryky01
170,Moses Moody,SG,21,GSW,66,9,17.5,2.9,6.4,.462,1.1,3.0,.360,1.8,3.3,.555,.548,1.1,1.4,.785,1.0,2.0,3.0,0.9,0.6,0.4,0.7,1.4,8.1,moodymo01
171,Nickeil Alexander-Walker,SG,25,MIN,82,20,23.4,2.9,6.6,.439,1.6,4.1,.391,1.3,2.5,.517,.560,0.6,0.8,.800,0.4,1.6,2.0,2.5,0.8,0.5,0.9,1.7,8.0,alexani01
172,Sam Merrill,SG,27,CLE,61,1,17.5,2.6,6.4,.402,2.3,5.8,.404,0.2,0.6,.385,.584,0.4,0.5,.929,0.4,1.6,2.0,1.8,0.3,0.1,0.3,1.2,8.0,merrisa01
173,Dario Šarić,C,29,GSW,64,9,17.2,2.8,6.1,.466,1.2,3.1,.376,1.7,3.0,.560,.562,1.2,1.5,.849,1.1,3.3,4.4,2.3,0.5,0.2,1.2,1.8,8.0,saricda01
174,Trayce Jackson-Davis,PF,23,GSW,68,16,16.6,3.4,4.9,.702,0.0,0.0,.000,3.4,4.9,.704,.702,1.1,1.9,.561,2.0,3.0,5.0,1.2,0.4,1.1,0.7,1.6,7.9,jackstr02
175,Isaiah Hartenstein,C,25,NYK,75,49,25.3,3.1,4.9,.644,0.0,0.0,.333,3.1,4.8,.646,.645,1.5,2.1,.707,3.3,5.1,8.3,2.5,1.2,1.1,1.2,2.8,7.8,harteis01
176,Jordan Hawkins,SG,21,NOP,67,10,17.3,2.6,6.8,.382,1.6,4.4,.366,1.0,2.4,.411,.501,1.0,1.2,.838,0.4,1.8,2.2,1.0,0.3,0.1,0.6,1.1,7.8,hawkijo01
177,Royce O'Neale,SF,30,TOT,79,14,24.7,2.7,6.8,.397,2.0,5.3,.370,0.7,1.5,.496,.542,0.3,0.4,.686,0.8,4.0,4.8,2.8,0.7,0.6,0.9,2.2,7.7,onealro01
178,Precious Achiuwa,PF-C,24,TOT,74,18,21.9,3.2,6.3,.501,0.4,1.3,.268,2.8,5.0,.562,.529,0.9,1.5,.616,2.6,4.0,6.6,1.3,0.6,0.9,1.1,1.9,7.6,achiupr01
179,Toumani Camara,PF,23,POR,70,49,24.8,2.8,6.3,.450,0.8,2.5,.337,2.0,3.8,.523,.516,1.1,1.4,.758,2.0,2.9,4.9,1.2,0.9,0.5,1.2,2.5,7.5,camarto01
180,Cameron Payne,PG,29,TOT,78,10,16.7,2.7,6.2,.432,1.3,3.4,.390,1.3,2.7,.486,.541,0.7,0.9,.866,0.3,1.2,1.5,2.6,0.5,0.1,0.8,1.6,7.4,payneca01
181,Christian Braun,SG,22,DEN,82,4,20.2,2.7,5.9,.460,0.8,2.0,.384,1.9,3.9,.498,.525,1.1,1.6,.694,1.0,2.8,3.7,1.6,0.5,0.4,0.7,1.7,7.3,braunch01
182,Jaden Hardy,SG,21,DAL,73,7,13.5,2.7,6.6,.407,1.1,3.1,.362,1.6,3.5,.447,.492,0.8,1.0,.776,0.3,1.5,1.8,1.5,0.3,0.1,0.8,1.1,7.3,hardyja02
183,Paul Reed,C,24,PHI,82,24,19.4,3.2,5.9,.540,0.3,0.7,.368,2.9,5.2,.563,.561,0.7,1.0,.718,2.4,3.6,6.0,1.3,0.8,1.0,0.8,2.4,7.3,reedpa01
184,Trey Lyles,PF,28,SAC,58,0,20.0,2.5,5.5,.445,1.4,3.8,.384,1.0,1.8,.578,.576,0.8,1.2,.700,1.1,3.4,4.4,1.2,0.3,0.3,0.7,1.5,7.2,lylestr01
185,Naji Marshall,SF,26,NOP,66,1,19.0,2.6,5.6,.463,0.9,2.3,.387,1.7,3.3,.516,.542,1.0,1.3,.791,0.8,2.8,3.6,1.9,0.7,0.2,1.0,1.4,7.1,marshna01
186,James Wiseman,C,22,DET,63,6,17.3,3.0,4.8,.613,0.0,0.0,.000,3.0,4.8,.617,.613,1.1,1.6,.706,1.7,3.6,5.3,0.9,0.2,0.6,1.0,2.2,7.1,wisemja01
187,Vasilije Micić,PG,30,TOT,60,21,19.6,2.7,6.2,.430,0.7,2.6,.279,1.9,3.6,.537,.488,1.0,1.3,.813,0.2,1.2,1.5,4.4,0.5,0.1,1.7,1.1,7.0,micicva01
188,Trendon Watford,PF,23,BRK,63,2,13.6,2.6,4.9,.527,0.4,1.1,.397,2.2,3.9,.564,.571,1.2,1.5,.794,0.8,2.3,3.1,1.3,0.4,0.3,1.0,1.7,6.9,watfotr01
189,Aaron Wiggins,SG,25,OKC,78,4,15.7,2.7,4.8,.562,0.8,1.6,.492,1.9,3.2,.598,.645,0.7,0.9,.789,0.8,1.6,2.4,1.1,0.7,0.2,0.7,1.2,6.9,wiggiaa01
190,Julian Champagnie,SF,22,SAS,74,59,19.8,2.2,5.4,.408,1.4,3.7,.365,0.9,1.7,.504,.534,1.0,1.2,.815,0.6,2.2,2.8,1.4,0.6,0.6,0.8,1.0,6.8,champju02
191,Jonathan Isaac,PF,26,ORL,58,2,15.8,2.5,4.9,.510,0.7,1.9,.375,1.8,3.0,.598,.584,1.0,1.4,.720,1.3,3.2,4.5,0.5,0.7,1.2,0.5,1.1,6.8,isaacjo01
192,Cedi Osman,SF,28,SAS,72,3,17.6,2.6,5.3,.479,1.2,3.1,.389,1.4,2.3,.601,.591,0.5,0.7,.673,0.3,2.2,2.5,1.7,0.5,0.2,0.7,1.5,6.8,osmande01
193,Day'Ron Sharpe,C,22,BRK,61,1,15.1,2.8,4.8,.571,0.1,0.2,.267,2.7,4.6,.588,.578,1.2,2.0,.610,2.6,3.7,6.4,1.4,0.4,0.7,1.1,2.1,6.8,sharpda01
194,Cason Wallace,SG,20,OKC,82,13,20.6,2.6,5.4,.491,1.2,2.9,.419,1.5,2.5,.572,.602,0.4,0.5,.784,0.6,1.6,2.3,1.5,0.9,0.5,0.5,1.6,6.8,wallaca01
195,Peyton Watson,SF,21,DEN,80,4,18.6,2.6,5.6,.465,0.6,1.9,.296,2.0,3.7,.553,.516,0.9,1.3,.670,0.7,2.5,3.2,1.1,0.5,1.1,0.7,1.8,6.7,watsope01
196,Amir Coffey,SF,26,LAC,70,13,20.9,2.4,5.0,.472,1.0,2.6,.380,1.4,2.4,.571,.571,0.9,1.0,.859,0.4,1.7,2.1,1.1,0.6,0.2,0.5,1.5,6.6,coffeam01
197,Aaron Holiday,PG,27,HOU,78,1,16.3,2.4,5.3,.446,1.1,2.8,.387,1.3,2.6,.510,.547,0.7,0.8,.921,0.3,1.3,1.6,1.8,0.5,0.1,0.7,1.6,6.6,holidaa01
198,Jeff Green,PF,37,HOU,78,6,16.8,2.1,4.7,.456,0.7,2.1,.331,1.5,2.6,.553,.529,1.6,1.9,.819,0.6,1.7,2.3,0.9,0.2,0.4,0.6,1.3,6.5,greenje02
199,Isaiah Jackson,C,22,IND,59,3,13.1,2.6,3.9,.665,0.0,0.1,.000,2.6,3.9,.677,.665,1.2,1.7,.716,1.6,2.4,4.0,0.8,0.6,1.0,0.7,2.3,6.5,jacksis01
200,David Roddy,PF,22,TOT,65,13,18.1,2.5,6.3,.403,0.7,2.5,.293,1.8,3.8,.478,.462,0.7,1.0,.691,0.8,2.4,3.2,1.2,0.4,0.2,0.9,1.1,6.5,roddyda01
201,Kyle Anderson,PF,30,MIN,79,10,22.6,2.5,5.5,.460,0.1,0.6,.229,2.4,4.9,.488,.472,1.2,1.7,.708,0.8,2.7,3.5,4.2,0.9,0.6,1.2,1.6,6.4,anderky01
202,Daniel Theis,C,31,TOT,60,3,16.9,2.6,4.9,.532,0.4,1.2,.366,2.2,3.7,.586,.577,0.6,0.8,.760,1.4,2.7,4.1,1.0,0.4,0.9,0.7,2.1,6.3,theisda01
203,Daniel Theis,C,31,LAC,59,3,17.1,2.6,4.9,.536,0.4,1.2,.371,2.2,3.7,.589,.581,0.6,0.8,.760,1.4,2.7,4.1,1.0,0.4,0.9,0.7,2.1,6.3,theisda01
204,Patrick Beverley,PG,35,TOT,73,13,20.0,2.2,5.2,.417,0.8,2.5,.337,1.3,2.7,.490,.497,1.0,1.2,.822,0.7,2.6,3.3,2.9,0.6,0.4,0.9,1.8,6.2,beverpa01
205,Haywood Highsmith,PF,27,MIA,66,26,20.7,2.3,5.0,.465,1.2,2.9,.396,1.2,2.1,.562,.581,0.3,0.5,.639,1.0,2.2,3.2,1.1,0.8,0.5,0.5,1.8,6.1,highsha01
206,Kris Murray,SF,23,POR,62,29,21.7,2.3,5.9,.396,0.8,3.0,.268,1.5,3.0,.525,.463,0.6,0.9,.661,1.4,2.2,3.6,1.3,0.9,0.3,0.9,1.5,6.1,murrakr01
207,Ochai Agbaji,SG,23,TOT,78,28,21.0,2.3,5.6,.411,0.8,2.7,.294,1.5,2.8,.523,.483,0.5,0.7,.661,0.9,1.8,2.8,1.1,0.6,0.6,0.8,1.5,5.8,agbajoc01
208,Dyson Daniels,PG,20,NOP,61,16,22.3,2.3,5.1,.447,0.7,2.2,.311,1.6,2.9,.551,.514,0.6,0.9,.642,1.0,2.9,3.9,2.7,1.4,0.4,1.0,1.7,5.8,daniedy01
209,Larry Nance Jr.,C,31,NOP,61,0,19.9,2.3,4.0,.573,0.4,1.1,.415,1.8,2.9,.631,.629,0.8,1.0,.770,1.5,3.5,5.0,1.9,1.0,0.3,0.8,1.6,5.7,nancela02
210,Pat Connaughton,SF,31,MIL,76,3,22.1,2.0,4.6,.435,1.1,3.1,.345,0.9,1.4,.633,.553,0.6,0.8,.759,0.7,2.5,3.1,2.1,0.5,0.3,0.6,1.3,5.6,connapa01
211,Malachi Flynn,PG,25,TOT,69,0,12.7,2.0,4.7,.418,0.8,2.4,.331,1.2,2.3,.513,.505,0.8,1.0,.732,0.3,1.3,1.7,1.9,0.6,0.1,0.9,1.0,5.5,flynnma01
212,Doug McDermott,SF,32,TOT,64,0,14.1,1.9,4.4,.433,1.5,3.6,.410,0.5,0.9,.527,.599,0.2,0.3,.579,0.2,0.8,0.9,1.1,0.3,0.0,0.4,1.0,5.5,mcderdo01
213,Kris Dunn,PG,29,UTA,66,32,18.9,2.2,4.7,.470,0.6,1.7,.369,1.6,3.1,.525,.535,0.3,0.5,.688,0.8,2.1,2.9,3.8,1.0,0.4,1.2,2.0,5.4,dunnkr01
214,Matisse Thybulle,SF,26,POR,65,19,22.9,1.9,4.9,.397,1.2,3.6,.346,0.7,1.3,.535,.524,0.3,0.4,.759,0.5,1.6,2.1,1.4,1.7,0.8,0.6,1.4,5.4,thybuma01
215,Nicolas Batum,PF,35,TOT,60,38,25.5,1.9,4.3,.453,1.2,3.1,.395,0.7,1.2,.606,.596,0.3,0.4,.714,1.2,3.0,4.1,2.1,0.8,0.6,0.7,1.8,5.3,batumni01
216,Luke Kornet,C,28,BOS,63,7,15.6,2.3,3.2,.700,0.0,0.0,1.000,2.2,3.2,.698,.702,0.8,0.9,.907,1.9,2.3,4.1,1.1,0.4,1.0,0.3,1.2,5.3,kornelu01
217,Davion Mitchell,PG,25,SAC,72,4,15.3,2.0,4.5,.452,0.8,2.2,.361,1.2,2.3,.539,.540,0.4,0.6,.714,0.3,1.1,1.3,1.9,0.2,0.0,0.6,1.2,5.3,mitchda01
218,Drew Eubanks,C,26,PHO,75,6,15.6,2.0,3.4,.601,0.0,0.0,1.000,2.0,3.3,.596,.607,1.0,1.2,.774,1.4,2.9,4.3,0.8,0.4,0.8,0.8,1.5,5.1,eubandr01
219,Bryce McGowens,SG,21,CHO,59,14,14.9,1.7,3.9,.439,0.6,1.7,.333,1.1,2.2,.523,.513,1.1,1.4,.776,0.3,1.4,1.7,0.9,0.4,0.2,0.5,1.3,5.1,mcgowbr01
220,Goga Bitadze,C,24,ORL,62,33,15.4,2.0,3.4,.603,0.0,0.2,.143,2.0,3.1,.636,.608,0.9,1.4,.655,1.8,2.9,4.6,1.3,0.5,1.2,0.7,1.7,5.0,bitadgo01
221,Jevon Carter,PG,28,CHI,72,0,13.9,1.9,5.1,.378,1.1,3.3,.329,0.8,1.8,.466,.484,0.1,0.1,.571,0.2,0.7,0.8,1.3,0.5,0.2,0.5,1.0,5.0,carteje01
222,Garrison Mathews,SG,27,ATL,66,5,15.0,1.6,3.4,.456,1.3,2.9,.440,0.3,0.5,.545,.644,0.5,0.6,.810,0.3,1.1,1.4,0.6,0.3,0.1,0.3,1.7,4.9,mathega01
223,Kenrich Williams,PF,29,OKC,69,1,14.9,1.9,4.1,.468,0.8,2.0,.397,1.1,2.0,.540,.568,0.1,0.2,.500,0.9,2.1,3.0,1.3,0.6,0.1,0.5,1.5,4.7,willike04
224,Anthony Black,PG,20,ORL,69,33,16.9,1.7,3.6,.466,0.5,1.4,.394,1.1,2.2,.510,.540,0.7,1.2,.613,0.5,1.5,2.0,1.3,0.5,0.3,0.8,1.6,4.6,blackan01
225,Josh Okogie,SG,25,PHO,60,11,16.0,1.4,3.4,.417,0.5,1.6,.309,1.0,1.9,.509,.488,1.3,1.7,.745,1.2,1.3,2.6,1.1,0.8,0.4,0.6,1.1,4.6,okogijo01
226,Kevon Looney,C,27,GSW,74,36,16.1,1.9,3.1,.597,0.0,0.0,.000,1.9,3.1,.599,.597,0.8,1.1,.675,1.9,3.7,5.7,1.8,0.4,0.4,0.7,2.1,4.5,looneke01
227,Joe Ingles,SF,36,ORL,68,0,17.2,1.5,3.3,.436,1.0,2.4,.435,0.4,1.0,.439,.590,0.4,0.5,.824,0.3,1.8,2.1,3.0,0.6,0.1,1.0,1.3,4.4,inglejo01
228,Blake Wesley,SG,20,SAS,61,3,14.4,1.7,3.5,.474,0.2,0.9,.218,1.5,2.6,.563,.502,0.9,1.3,.667,0.3,1.2,1.5,2.7,0.5,0.1,0.9,1.5,4.4,weslebl01
229,Jaxson Hayes,C,23,LAL,70,5,12.5,1.8,2.5,.720,0.0,0.1,.000,1.8,2.4,.754,.720,0.7,1.2,.622,1.0,2.0,3.0,0.5,0.5,0.4,0.6,1.8,4.3,hayesja02
230,Caleb Houstan,SF,21,ORL,59,13,13.8,1.4,3.5,.388,1.2,3.3,.373,0.1,0.2,.615,.563,0.4,0.4,.808,0.5,0.9,1.4,0.5,0.3,0.1,0.3,1.0,4.3,houstca01
231,Troy Brown Jr.,SF,24,TOT,59,15,14.0,1.4,3.8,.372,0.8,2.4,.333,0.6,1.4,.435,.476,0.5,0.6,.865,0.4,2.0,2.4,1.0,0.4,0.1,0.5,0.7,4.2,browntr01
232,Max Christie,SG,20,LAL,67,7,14.1,1.5,3.6,.427,0.6,1.8,.356,0.9,1.8,.496,.515,0.5,0.7,.783,0.2,1.9,2.1,0.9,0.3,0.3,0.5,0.9,4.2,chrisma02
233,Jae'Sean Tate,SF,28,HOU,65,9,15.9,1.7,3.5,.472,0.4,1.2,.299,1.3,2.3,.559,.522,0.4,0.6,.667,0.9,2.1,3.0,1.0,0.6,0.2,0.6,2.1,4.1,tateja01
234,Justin Holiday,SG,34,DEN,58,9,14.9,1.5,3.3,.454,0.9,2.3,.404,0.6,1.0,.569,.595,0.1,0.1,.750,0.2,1.1,1.2,1.2,0.6,0.2,0.2,1.2,4.0,holidju01
235,Jaylin Williams,C,21,OKC,69,1,13.0,1.4,3.3,.417,0.8,2.1,.368,0.6,1.2,.500,.533,0.5,0.6,.805,0.5,2.9,3.4,1.6,0.4,0.4,0.5,1.4,4.0,willija07
236,Chris Duarte,SF,26,SAC,59,11,12.2,1.4,3.6,.381,0.7,2.2,.346,0.6,1.4,.434,.486,0.4,0.6,.788,0.4,1.4,1.8,0.7,0.5,0.1,0.4,1.4,3.9,duartch01
237,KJ Martin,SF,23,TOT,60,2,12.4,1.6,3.0,.536,0.1,0.5,.286,1.5,2.6,.582,.558,0.4,0.7,.537,0.7,1.5,2.2,0.9,0.4,0.2,0.5,1.7,3.7,martike04
238,KJ Martin,SF,23,PHI,58,2,12.3,1.6,2.9,.544,0.1,0.4,.304,1.5,2.6,.581,.564,0.4,0.7,.538,0.7,1.5,2.2,0.9,0.3,0.2,0.5,1.7,3.7,martike04
239,Dwight Powell,C,32,DAL,63,9,13.3,1.1,1.7,.679,0.0,0.0,.333,1.1,1.6,.689,.684,1.0,1.4,.708,1.5,1.9,3.4,1.3,0.4,0.3,0.5,1.8,3.3,poweldw01
240,Zeke Nnaji,PF,23,DEN,58,0,9.9,1.2,2.6,.463,0.1,0.4,.261,1.1,2.2,.500,.483,0.7,1.1,.677,1.1,1.1,2.2,0.6,0.3,0.7,0.5,1.4,3.2,nnajize01
241,JT Thor,PF,21,CHO,63,3,12.4,1.3,2.9,.437,0.4,1.3,.346,0.8,1.6,.510,.514,0.2,0.3,.550,0.7,1.6,2.3,0.5,0.2,0.4,0.2,1.0,3.2,thorjt01
242,Dalen Terry,SG,21,CHI,59,2,11.5,1.2,2.7,.439,0.3,1.3,.230,0.9,1.4,.627,.494,0.4,0.7,.581,0.5,1.4,1.9,1.4,0.5,0.3,0.5,1.4,3.1,terryda01